campsites,year
"BC(12/04,5350m),C2(16/04,6350m),C3(03/05,7200m),C4(18/05,7900m),Smt(20/05)",2006
"BC(10/04,5300m),C1(15/04,6000m),C2(16/04,6300m),C3(25/04,7300m),C4(15/05,8000m),Smt(17/18,05)",2006
"BC(03/04,5200m),ABC(10/04,6400m),C2A(22/04,7400m),C3A(06/05,8000m),xxx(16/05,8000m); NColRte-C1(18/04,7000m),C2B(06/05,7800m),C3B(14/05,8300m),Smt(22/05)",1991
"BC(02/09),C1(04/09,5700m),C2.ABC(05/09,6500m),C3(24/09,7100m),C3.NCol(04/10,7000m),C4(07/10,7900m),C5(08/10,8350m),Smt(14/10)",1995
"BC(09/04,5200m),ABC(12/04,5550m),(series of Bivs),Smt(24/05)",2010
"BC(30/03),ABC1(02/04,5600m),ABC2(03/04,6200m),C1(20/04,7100m),C2(28/04,7500m),C3(11/05,7800m),C4(27/05,8250m),C5(28/05,8600m),Smt(30-31/05,01/06)",2004
"BC(29/03),C2.ABC(03/04,6500m),C3(10/04,7000m),C4(11/04,7700m),Biv1(12/04,8300m),Smt(13/04),Biv2(13/04,8500m),C5(14/04,6500m),C6(15/04,5300m)",1993
"BC(13/04,5243m),ABC(19/04,6526m),C1(24/04,7010m),C2(14/05,7772m),C3(15/05,8300m),Smt(16/05)",2007
"BC(07/10),ABC(13/04,6400m),C1(21/04,7100m),C2(09/05,7700m),C3(10/05,8300m),Smt(11/05)",2006
"BC(17/04,5180m),ABC(25/04,6400m),C1(29/04,7100m),C2(06/05,7600m),C3(20/05,8300m),Smt(21/05)",2017
"BC(07/04),ABC(26/04,6450m),C1(05/01,7100m),C2(15/04,7900m),Smt(16/05)",2006
"BC(19/03,5120m),C1(25/03,5400m),C2(26/03,5900m),C3(27/03,6400m),C4(27/03,6600m),C5(7000m),C6(29/04,7400m),C7(02/05,8100m),C8(03/05,8500m),Smt(25/05)",1960
"BC(13/03),C1(5500m),C2(6000m),C3(6500m),C4(7000m),C5(27/04,7600m),C6(04/05,8200m),C7(8600m),Smt(27/05)",1975
Smt(10/05),1980
"BC(10/03,5200m),C1(15/03,5500m),C2(17/03,6000m),ABC(19/03,6500m),C4(22/03,7050m),C5(11/04,7800m),C6(24/04,8200m),C7(06/05,8690m),Smt(10/05)",1990
"BC(08/03,5100m),ABC(25/03,6500m),C1(01/04,7050m),C2(08/04,7790m),C3(03/05,8300m),C4(04/05,8680m),Smt(05/05)",1993
"BC(02/04,5200m),ABC(07/04,6450m),C1(11/04,1050m),C2(25/04,7700m),C3(16/05,8300m),Smt(27/05)",1993
"BC(23/03),ABC(08/04,6500m),C1(20/04,7000m),C2(23/04,7900m),C3(30/04,8300m),Smt(12/05)",1995
"BC(24/03),ABC(09/04),C4(18/04,7000m),C5(27/04,7800m),C6(04/05,8300m),Smt(14,16/05)",1995
"BC(31/03,5500m),ABC(03/04,6300m),C1(17/04,7000m),C2(08/05,7600m),C3(11/05,8200m),Smt(12-13/05)",1995
"BC(04/04),ABC(09/04,6250m),C1(19/04,7000m0,C2(23/04,7550m),C3(09/05,8200m),Smt(11,13/05)",1995
"BC(07/04),ABC(17/04,6450m),C1(22/04,7000m),C2(01/05,7750m),C3(13/05,8350m),Smt(16/05)",1995
"BC(09/04),ABC(14/04,6400m),C1(20/04,7000m),C2(01/05,7800m),C3(15/05,8200m),Smt(17,26/05)",1995
"BC(11/04),ABC(18/04,6300m),C1(22/04,7000m),C2(25/04,7400m),C3(11/05,8200m),Smt(14/05)",1995
"BC(10/04),ABC(16/04,6450m),C1(25/04,7000m),C2(30/04,7800m),C3(13/05,8300m),Smt(14/05)",1995
"BC(15/04),ABC(19/04,6450m),C1(22/04,7000m),C2(01/05,7800m),C2(08/05,7600m),C3(11/05,8200m),Smt(12,14,17,23/05)",1995
"C3(8200m),Smt(14,17,24,26-27/05)",1995
"BC(09/04),ABC(14/04,6400m),C1(11/05,7700m),C2(12/05,8300m),Smt(13/05)",1995
"ChineseBC(02/09,6000m),C2.ABC(06/09,6500m),C3(21/09,7000m),C4(07/10,7900m),C5(08/10,8350m),Smt(14/10)",1995
"BC(04/04),ABC(14/04,6450m),C4(27/04,7020m),C5(10/05,8300m),Smt(11,13/05)",1996
"BC(05/04,5200m),ABC(11/04,6450m),C1(12/04,7050m),C2(21/04,7800m),C3(01/05,8300m),Smt(02,07,20,22/05)",1997
"BC(06/04,5200m),IC(13/04,5800m),ABC(14/04,6400m),C1(21/04,7000m),C2(26/04,7500m),C3(25/05,7900m),C4(26/05,8300m),Smt(29/05)",1997
"BC(09/04,5200m),ABC(14/04,6450m),C1(26/04,7066m),C2(07/05,7850m),C3(19/05,8200m),Smt(08,20/05)",1997
"BC(19/04,5200m),ABC(27/04,6460m),C1(01/05,7060m),C2(07/05,7800m),C3(21/05,8300m),Smt(22-23/05)",1997
"BC(28/03,5200m),C1(04/04,6000m),C2(06/04,6400m),C3(12/04,7010),C4(18/04,7800m),C5(26/04,8300m),Smt(07/05)",1997
"BC(27/03,5200m),ABC(01/04,6400m),C1(07/04,7000m),C2(07/05,7800m),C3(08/05,8300m),Smt(05/19,24/05)",1998
"BC(02/04),ABC(07/04,6300m),C1(15/04,7000m),C2(17/04,7500m),C3(05/05,8200m),Smt(18,21-22/05)",1998
"BC(05/04,5110m),ABC(09/04,6400m),C1(17/04,7000m),C2(27/04,7700m),C3(16/05,8200m),Smt(18/05)",1998
"BC(10/04,5000m),ABC(17/04,6600m),C1(28/04,7000m),C1(23/05,7900m),C3(24/05,8300m),Smt(25,27/05)",1998
"BC(10/04),ABC.C3(19/04,6300m),C4(24/04,7028m),C5(06/05,7780m),C6(17/05,8200m),Smt(18-19/05)",1998
"ChineseBC(11/04),C1(16/04,5500m),C2(17/04,4600m),C3.ABC(23/04,6300m),C4(03/05,7000m),C5(17/05,7800m),C6(18/05,8200m),Smt(19/05)",1998
"BC(11/04),C1(13/04,5500m),C2(14/04,6000m),C3(21/04,6500m),C4(25/04,7000m),C5(27/04,7600m),C6(17/05,8300m),Smt(18-19/05)",1998
"BC(13/04),TempBC(15/04,5800m),ABC(16/04,6400m),C1(20/04,7000m),C2(24/04,7700m),C3(14/05,8300m),Smt(22-25/05)",1998
"BC(13/04),Temp(17/04,5900m),ABC(18/04,6700m),C1(20/04,7000m),C2(25/04,7650m),C3(18/05,8300m),Smt(19/05)",1998
"BC(15/04),BC.Sherpa(19/04),ABC(26/04,6500m),C1(28/04,7000m),C2(21/05,7600m),C3(23/05,8300m),Smt(24/05)",1998
"BC(15/04),ABC(21/04,6400m),C1(29/04,7000m),C2(03/05,7500m),C3(04/05,7900m),C4(24/05,8300m),Smt(25/05)",1998
"BC(15/04),ABC(20/04,6400m),C1(27/04,7000m),C2(7500m),C3(23/05,7800m),C4(24/05,8300m),Smt(25/05)",1998
"BC(19/04,5150m),ABC.C3(21/04,6400m),C4(24/04,7100m),C5(28/04,7700m),C6(17/05,8200m),Smt(18,20,22/05)",1998
"BC(24/04,5200m),ABC(28/04,6400m),C1(01/05,7100m),C2(16/05,7700m),C3(17/05,8300m),Smt(26/05)",1998
"BC(19/04),ABC(23/04,6400m),C1(26/04,7000m),C2(08/05,7700m),C3(25/05,8200m),Smt(26/05)",1999
"BC(01/05),ABC(05/05-Sherpas),ABC(07/05,6400m),C1(10/05,7000m),C2(27/05,7600m),C3(28/05,8300m),Smt(29/05)",1999
"BC(06/04),ABC(13/04,6400m),C1(20/04,7000m),C2(7800m),C3(8200m),Smt(18/05)",1999
"BC(11/04),ABC(16/04,6400m),C1(18/04,7000m),C2(24/04,7800m),C3(04/05,8300m),Smt(26/05)",1999
"BC(11/04),ABC(16/04,6400m),C1(23/04,7050m),C2(24/05,7800m),C3(25/05,8300m),Smt(26/05)",1999
"ABC(6500m),C1(7000m),C2(7800m),C3(8300m),Smt(28/05)",1999
"BC(15/04,5100m),ABC(18/04,6400m),C1(22/04,7000m),C2(27/04,7700m),C3(27/05,8300m),Smt(27-28/05)",1999
"BC(09/04,5200m),Interm(09/04,5200m),ABC(15/04,6400m),C1(21/04,7000m),C2(04/05,7500m),C3(05/05,7900m),C4(26/05,8300m),Smt(27/05)",1999
"BC(11/04,5000m),ABC(16/04,6400m),C1(18/04,7050m),C2(24/05,7700m),C3(25/05,8300m),Smt(26/05)",1999
"BC(13/04),ABC(17/04,6400m),C1(23/04,7000m),C2(02/05,7700m),C3(17/05,8260m),Smt(18/05)",1999
"BC(30/03),ABC(04/04,6350m),C1(07/04,7050m),C2(26/04,7200m),C3(07/05,8300m),Smt(08/05)",1999
"BC(16/04,5100m),ABC(20/04,6400m),C1(22/04,7000m),C2A(27/04,7600m),C2B(11/05,7900m),C3A(23/05,8300m),C3B(25/05,8400m),Smt(25-26/05)",1999
"BC(15/04,5240m),C1(17/04),C2(18/04,5500m),C3(19/04,6400m),C4(22/04,7040m),C5(04/05,7450m),C6(16/05,8200m),Smt(17-19/05)",2000
"BC(17/04,5100m),Intermed(20/04,5600m),ABC(21/04,6300m),C1(25/04,7000m),C2(26/04,7700m),C3(16/05,8200m),Smt(17/05)",2000
"BC(13/04),C1(7000m),C2(17/05,7800m),C3(18/05,8300m),Smt(19/05)",2000
"BC(20/04),ABC(22/04,6400m),C1(27/04,7100m),C2(15/05,7850m),C3(16/05,8350m),Smt(17,19/05)",2000
"BC(14/04,5100m),ABC(19/04,6300m),C1(26/04,7050m),C2(01/05,7500m),C3(14/05,8200m),Smt(17,19/05)",2000
"BC(10/04),ABC(15/04,6400m),C1(20/04,7000m),C2(06/05,7600m),C3(15/05,7900m),C4(22/05,8300m),Smt(28/05)",2000
"BC(01/04),Intermed(5800m),ABC(10/04,6400m),C1(23/04,7000m),C2(10/05,7700m),C3(17/05,8300m),Smt(18/05)",2000
"BC(08/04,5300m),ABC(12/04,6400m),C1(16/04,7000m),C2(29/04,7800m),C3(16/05,8300m),Smt(17/05)",2000
"BC(06/04),ABC(11/04,6400m),C1(14/04,7050m),C2(13/05,7700m),C3(14/05,8300m),Smt(15,17,19/05)",2000
"BC(15/04),ABC(23/04,6400m),C1(7000m),C2(18/05,7800m),C3(19/05,8300m),Smt(21/05)",2000
"BC(17/04,5000m),ABC(19/04,6300m),C1(23/04,7000m),C2(29/04,7800m),C3(15/05,8300m),Smt(27/05)",2000
"BC(09/04),ABC(15/04,6400m),C1(19/04,7000m),C2(19/05,7700m),C3(21/05,8100m),Smt(22/05)",2001
"BC(01/04),ABC(19/04,5400m),C1(05/05,7400m),C2(06/05,7900m),Smt(22/05)",2001
"BC(12/04),ABC(16/04,6400m),C1(28/04,7000m),C2(21/05,7900m),C3(22/05,8250m),Smt(23/05)",2001
"BC(30/03),ABC(06/04),C1(08/04,7000m),C2(08/04,7500m),C3(18/05,8300m),Smt(19/05)",2001
"BC(05/04),ABC(12/04,6400m),C1(27/04,7000m),C2(07/05,7500m),C3(23/05,7900m),C4(24/05,8300m),Smt(25/05)",2001
"BC(09/04,4200m),ABC(14/04,6400m),C1(22/04,7000m),C2(30/04,7500m),C3(21/05,7900m),C4(22/05,8300m),Smt(23/05)",2001
"BC(09/04),ABC(16/04,6400m),C1(25/04,7100m),C2(26/04,7700m),C3(28/04,8300m),Smt(23/05)",2001
"BC(18/04),ABC(23/04,6400m),C1(03/05,7030m),C2(20/05,7700m),C3(21/05,8300m),Smt(22/05)",2001
"BC(10/04),ABC(19/04,6400m),C1(05/05,7000m),C2(20/05,7900m),C3(21/05,8300m),Smt(22-23/05)",2001
"BC(19/04,5200m),ABC(21/04,6400m),C1(24/04,7050m),C2(07/05,7800m),C3(22/05,8300m),Smt(23/05)",2001
"BC(09/04),ABC(16/04,6400m),C1(25/04,7100m),C2(26/04,7700m),C3(28/04,8300m),Smt(24/04)",2001
"BC(09/04),ABC(16/04,6400m),C1(25/04,7100m),C2(26/04,7700m),C3(28/04,8300m),Smt(23/05)",2001
"BC(15/04),ABC(20/04,6400m),C1(02/05,7000m),Smt(22/05)",2001
"BC(14/04),C3(??/05),Smt(23/05)",2001
"BC(22/04),ABC(26/04,6400m),C1(29/04,7000m),C2(21/05,7700m),C3(22/05,8300m),Smt(23/05)",2001
"BC(07/04,5200m),ABC(13/04,6400m),C1(20/04,7060m),C2(20/05,7700m),C3(21/05,8300m),Smt(22,24/05)",2001
"BC(05/04),ABC(10/04,6400m),C1(18/04,7000m),C2(23/04,7900m),C3(21/05,8300m),Smt(22-23,26/05)",2001
"BC(09/05,11,5200m),ABC(13/05,6450),C1(19/05,7050m),C2A(20/05,7600m),C2B(7700m),C3(21/05,8200m),Smt(22-23/05)",2001
"BC(10/04,5400m),ABC(12/04,6400m),C1(14/05,7200m),C2(15/05,7700m),C3(16/05,8300m),Smt(17/05)",2002
"BC(10/04,5200m),BC(13/04,5700m),ABC(14/04,6300m),C1(17/04,7000m),C2(04/05,7500m),C3(05/05,7700m),C4(15/05,8300m),Smt(16,18/05)",2002
"BC(03/04,5200m),IntC(10/04,6000m),ABC(11/04,6400m),C1(03/05,7020m),C2(08/05,7700m),C3(16/05,8400m),Smt(17/05)",2002
"BC(11/04,5100m),IBC(14/04,5800m),ABC(15/04,6400m),C1(19/04,7000m),C2(05/05,7800m),C3(16/05,8300m),Smt(17/05)",2002
"TempBC(11/04,5100m),IntC(14/04,5800m),ABC(15/04,6400m),C1(02/05,7000m),C2(15/05,7700m),C3(16/05,8300m),Smt(17/05)",2002
"BC(11/04,5100m),TempBC(14/04,5800m),ABC(15/04,6400m),C1(19/04,7000m),C2(05/05,7800m),C3(16/05,8300m),Smt(17/05)",2002
"BC(11/04,5200m),IBC(14/04,6800m),ABC(15/04,6400m),C1(19/04,7100m),C2(04/05,7600m),C3(15/05,7800m),C4(16/05,8300m),Smt(17/05)",2002
"BC(11/04),ABC(16/04,6400m),C1(28/04,7000m),C2(15/05,7800m),C3(16/05,8300m),Smt(17/05)",2002
"BC(11/03,5200m),ABC(11/04,6500m),C1(24/04,7028m),C2(15/05,7900m),C3(16/05,8300m),Smt(17/05)",2002
"BC(08/04,5200m),ABC(12/04,6700m),C1(16/04,7300m),C2(03/05,7900m),Smt(21/05)",2003
"BC(14/04,5200m),ABC(22/04,6400m),C1(24/04,7100m),C2(20/05,7800m),C3(21/05,8300m),Smt(22/05)",2003
"BC(12/04,5200m),ABC(17/04,6400m),C1(27/04,7050m),C2(05/05,7600m),C3(18/05,8300m),Smt(22/05)",2003
"BC(31/03),ABC(09/04,6400m),C1(21/04,7000m),C2(19/05,7800m),C3(20/05,8200m),Smt(21/05)",2003
"BC(07/04,5180m),ABC(14/04,6400m),C1(23/04,7000m),C2(19/05,7700m),C3(20/05,8300m),Smt(20-21/05)",2003
"BC(15/04,5200m),ABC(22/04,6400m),C1(27/04,7000m),C2(20/05,7700m),C3(21/05,8300m),Smt(22/05)",2003
"BC(21/04,5200m),ABC(27/04,6400m),C1(07/05,7000m),C2(18/05,7700m),C3(21/05,8300m),Smt(22/05)",2003
"BC(29/03,5200m),ABC(02/04,6400m),C1(17/04,7050m),C2(01/05,7600m),C3(22/05,7800m),C4(21/05,8300m),Smt(21/05)",2003
"BC(08/04,5100m),ABC(19/04,6300m),C1(22/04,7000m),C2(18/05,7800m),C3(19/05,8300m),Smt(20,22/05)",2003
"BC(10/04),ABC(28/04,6430m),C1(01/05,7000m),C2(07/05,7700m),C3(10/05,8200m),Smt(21/05)",2003
"BC(08/04,5170m),ABC(12/04,6400m),C1(21/04,7060m),C2(10/05,7750m),C3(21/05,8300m),Smt(22/05)",2003
"BC(07/04,5200m),ABC(11/04,6400m),C1(01/05,7000m),C2(20/05,7700m),C3(21/05,8200m),Smt(22,31/05)",2003
"BC(23/03,05-06/04),ABC(09/04,6500m),C1(25/04,7000m),C2(26/04,7790m),C3(20/05,8300m),Smt(21-22/05)",2003
"BC(05/04,5200m),ABC(09/04,6400m),C1(20/04,7000m),C2(06/05,7400m),C3(07/05,7900m),C4(19/05,8350m),Smt(20/05)",2004
"BC(14/04),ABC(14/04,6400m),C1(26/04,7050m),C2(16/05,7900m),C3(17/05,8300m),Smt(18/05)",2004
"BC(10/04),ABC(17/04,6400m),C1(29/04,7000m),C2(15/05,7700m),C3(16/05,8300m),Smt(17/05)",2004
"BC(08/04,5100m),ABC(14/04,6400m),C1(23/04,7000m),C2(07/05,7700m),C3(17/05,8300m),Smt(18,20/05)",2004
"BC(08/04),ABC(21/04,6400m),C1(25/04,7070m),C2(09/05,7800m),C3(17/05,8250m),Smt(18-20/05)",2004
"BC(12/04,5250m),IC(12/04,5800m),ABC(16/04,6400m),C1(19/04,7000m),C2(06/05,7500m),C3(17/05,7900m),Smt(17/05)",2004
"BC(12/04,5250m),IC(16/04,5800m),ABC(17/04,6400m),C1(21/04,7000m),C2(07/05,7500m),C3(17/05,8300m),Smt(18/05)",2004
"BC(07/04),ABC(14/04,6400m),C1(18/04,7000m),C2(21/05,7700m),C3(26/05,8300m),Smt(27/05)",2004
"BC(12/04),ABC(19/04,6400m),C1(01/05,7000m),C2(16/05,7900m),Smt(17/05)",2004
"BC(04/04),ABC(16/04,6400m),C1(17/05,7000m),C2(18/05,7900m),C3(19/05,8200m),Smt(20/05)",2004
"BC(03/04,5200m),ABC(08/04,6400m),C1(15/04,7050m),C2(16/05,7900m),C3(17/05,8300m),Smt(20/05)",2004
"BC(21/03),ABC(15/04,6450m),C1(23/04,7050m),C2(15/05,7900m),C3(17/05,8300m),Smt(18-19/05)",2004
"BC(25/04,5200m),ABC(03/05,6400m),C1(17/05,7000m),C2(18/05,7800m),C3(19/05,8200m),Smt(20/05)",2004
"BC(19/04),ABC(25/04,6300m),C1(07/05,7000m),C2(18/05,7750m),C3(19/05,8300m),Smt(20/05)",2004
"BC(05/04),ABC(10/04,6400m),C1(22/04,7000m),C2(17/05,7800m),C3(18/05,8300m),Smt(20/05)",2004
"BC(14/04),ABC(20/04,6100m),C1(29/04,7000m),C2(05/05,7900m),C3(18/05,8200m),Smt(20/05)",2004
"BC(11/04,5182m),ABC(18/04,6492m),C1(06/05,7010m),C2(17/05,7803m),C3(18/05,8291m),Smt(19/05)",2004
"BC(11/04),ABC(16/04,7000m),C1(29/04,7000m),C2(18/05,7900m),C3(19/05,8300m),Smt(20/05)",2004
"BC(05/04),ABC(10/04,6400m),C1(21/04,7000m),C2(16/05,7900m),C3(17/05,8200m),Smt(18/05)",2004
"BC(07/04,5200m),ABC(11/04,6400m),C1(15/04,7000m),C2(20/05,7500m),C3(21/05,7900m),C4(22/05,6300m),Smt(23-24/05)",2004
"BC(13-Sherpas,14/04,5400m),ABC(18/04,6400m),C1(20-Sherpas,20/04,7050m),C1(22-members,22/04,7050m),C2(01/05,7600m),C3(17/05,8300m),Smt(18,20,27,29/05)",2004
"BC(25/04,5050m),IC(5700m),ABC(28/04,6400m),C1(05/05,7000m),C2(15/05,7700m),C3(18/05,8300m),Smt(19/05)",2004
"BC(09/05),C1(13/05,6400m),C1(24/05,7050m),C2(25/05,7800m),C3(26/05,8300m),Smt(27/05)",2005
"BC(08/04,5170m),ABC(17/04,6400m),C1(21/04,7042m),C2(25/04,7800m),C3(01/05,8300m),Smt(29/05)",2005
"BC(10/04),ABC(14/04,6400m),C2(7500m),C3(30/05,8300m),Smt(02/06)",2005
"BC(23/04,5200m),ABC(28/04,6450m),C1(01/05,7000m),C2(19/05,7700m),C3(20/05,8300m),Smt(21/05)",2005
"BC(27/04),ABC(02/05,6400m),C1(04/05,7066m),C2(05/05,7700m),C3(28/05,8300m),xxx(29/05)",2005
"BC(03/04,5200m),ABC(10/04,6450m),C1(29/04,7000m),C2(19/05,7700m),C3(20/05,8300m),Smt(21/05)",2005
"BC(07/04),ABC(14/04,6300m),C1(17/04,7100m),C2(27/05,7900m),C3(28/05,8300m),Smt(29/05)",2005
"BC(04/04,5200m),ABC(10/04,6400m),C1(15/04,7050m),C2(27/04,7700m),C3(01/06,8300m),Smt(02/06)",2005
"BC(27/04,6400m),ABC(01/05,7000m),C1(06/05,7000m),C2(28/05,7700m),C3(29/05,8300m),Smt(30/05)",2005
"BC(14/04,5100m),ABC(18/04,6300m),C1(22/04,7050m),C2(02/05,7700m),C3(03/05,8300m),Smt(21,30/05,02/06)",2005
"BC(04/04,5200m),ABC(09/04,6350m),C1(17/04,7000m),C2(19/04,7800m),C3(28/04,8300m),Smt(29/05)",2005
"BC(04/04,5200m),ABC(09/04,6350m),C1(24/04,7000m),C2(30/04,7700m),C3(29/05,8300m),Smt(30/05)",2005
"BC(04/04,5200m),ABC(09/04,6350m),C1(17/04,7000m),C2(19/04,7800m),C3(28/05,8300m),Smt(29/05)",2005
"BC(04/04,5200m),ABC(09/04,6350m),C1(17/04,7000m),C2(21/04,7500m),C3(20/05,7900m),C4(8300m),Smt(21/05)",2005
"BC(03/04,5200m),ABC(10/04,6450m,C1(24/04,7000m),C3(19/05,7900m),C4(20/05,8210m),Smt(21/05)",2005
"BC(10/04,5200m),ABC(15/04,6450m),C1(22/04,7100m),C2(02/05,7700m),C3(01/06,8300m),Smt(02/06)",2005
"BC(06/04,5200m),ABC(13/04,6450m),C1(17/04,7100m),C2(23/04,7700m),C3(29/05,8300m),Smt(30/05)",2005
"BC(10/04,5200m),ABC(17/04,6450m),C1(27/04,7100m),C2(02/06,7800m),C3(03/06,8300m),Smt(04/06)",2005
"BC(12/04,5200m),ABC(17/04,6400m),C1(20/04,7100m),C2(19/05,7500m),C3(31/05,8200m),Smt(02/06)",2005
"BC(05/04),ABC(14/04,6400m),C1(27/04,7050m),C2(31/05,7500m),C3(01/06,7900m),C4(02/06,8300m),Smt(03-04/06)",2005
"BC(14/04,5200m),ABC(19/04,6370m),C1(23/04,7100m),C2(18/05,7600m),C3(01/06,8300m),Smt(02/06)",2005
"BC(04/04),ABC(09/04,6400m),C1(25/04,7000m),C2(27/04,7500m),C3(02/06,7800m),C4(03/06,8200m),Smt(04-05/06)",2005
"BC(10/04),ABC918/04,6400m),C1(22/04,7400m),C2(19/05,7800m),C3(20/05,8300m),Smt(21/05)",2005
"BC(5200m),IC(5800m),ABC(6500m),C1(7028m),C3(7790m),C3(8300m),Smt(22/05)",2005
"BC(10/04,5200m),ABC(19/04,6400m),C1(26/04,7040m),C2(05/05,7680m),C3(29/05,8210m),Smt(30/05,04/06)",2005
"BC(12/04,5200m),ABC(17/04,6450m),C1(24/04,7100m),C2(25/04,7500m),C3(02/06,7800m),C4(03/06,8300m),Smt(04/06)",2005
"BC(07/04,5200m),ABC(13/04,6400m),C1(19/04,7050m),C2(20/05,7700m),C3(21/05,8300m),Smt(30/05)",2005
"BC(09/05,5200m),ABC(10/05,6370m),C1(19/05,7045m),C2(30/05,7600m),C3(31/05,7850m),Smt(01/06)",2005
"BC(22/05,5200m),ABC(23/05,6300m),C1(29/05,7050m),C2(30/05,7600m),C3(04/06,8300m),Smt(05/06)",2005
"BC(22/04,5170m),ABC(27/04,6370m),C1(02/05,7000m),C2(02/06,7670m),C3(03/05,8200m),Smt(04-05/06)",2005
"BC(03/04,5200m),ABC(08/04,6400m),C1(19/04,7100m),C2(14/05,7700m),C3(28/05,8300m),Smt(29/05)",2005
"BC(04/04,5200m),ABC(12/04,6450m),C2(19/05,7700m),C3(20/05,8300m),Smt(21/05)",2005
"BC(26-27/03,5200m),ABC(14/04,6500m),C1(26/04,7020m),C2(27/04,7900m),C3(21/05,8300m),Smt(22/05)",2005
"BC(10/04,5200m),ABC(17/04,6400m),C1(21/04,7032m),C2(15/05,7800m),C3(16/05,8223m),Smt(17/05)",2006
"BC(10/04,5200m),ABC(15/04,6400m),C1(27/04,7000m),C2(15/05,7500m),C3(16/05,8000m),Smt(17/05)",2006
"BC(25/04),ABC(01/05,7100m),C1(14/05,7100m),C2(15/05,7660m),C3(16/05,8250m),Smt(17/05)",2006
"BC(05/04,5200m),ABC(6400m),C1(25/04,7100m),C2(13/05,7600m),C3(14/05,8200m),Smt(15/05)",2006
"BC(21/04,5200m),ABC(05/04,6500m),C1(28/04,7050m),C2(13/05,7800m),C3(14/05,8300m),Smt(15/05)",2006
"BC(05/04,5400m),ABC(13/04,6400m),C1(19/04,7000m),C2(01/05,7600m),C3(16/05,8300m),Smt(17/05)",2006
"SherpasBC(23/03,5141m),MbrsBC(05/04,5141m),ABC(13/04,6376m),C1(27/04,7024m),C2(10/05,7511m),C3(11/05,7806m),C4(13/05,8250m),Smt(30/04,14-15/05)",2006
"BC(05/04,5200m),ABC(14/04,6400m),C1(21/04,7000m),C2(10/05,7800m),C3(12/05,8100m),Smt(13/05)",2006
"BC(05/04,5200m),ABC(14/04,6400m),C1(19/04,7100m),C2(11/05,7700m),C3(17/05,8300m),Smt(18/05)",2006
"BC(03/04,5300m),ABC(6400m),C1(11/05,7028m),C2(13/05,8300m),Smt(14/05)",2006
"BC(28/04,5200m),ABC(01/05,6400m),C1(08/05,7100m),C2(23/05,7700m),C3(24/05,8300m),Smt(25/05)",2006
"BC(09/04,5200m),ABC(16/04,6400m),C1(7010m),C2(7500m),C3(15/05,8100m),Smt(16/05)",2006
"BC(17/04,5300m),ABC(22/04,6400m),C2(16/05,7600m),C3(17/05,8300m),Smt(18/05)",2006
"BC(08/04),ABC(12/04,6400m),C1(24/04,7050m),C2(26/04,7700m),xxx(18/05,8100m) 2nd Summit bid: C1(20/05,7050m),C2(23/05,7700m),C3(24/05,8300m),Smt(18/05)",2006
"BC(05/04),ABC(15/04,6400m),C1(15/04,7000m),C2(08/05,7700m?),C3(10/05,8300m),Smt(11/05)",2006
"BC(06/04,5200m),ABC(12/04,6400m),C1(24/04,7000m),C2(15/04,7900m),C3(16/04,8300m),Smt(17/05)",2006
"BC(04/04,5300m),ABC(09/05,6500m),C1(11/05,7000m),C2(15/05,7880m),Smt(25/05)",2006
"BC(27/04,5200m),ABC(30/04,6400m),C1(07/05,7000m),C2(16/05,8000m),Smt(26/05)",2006
"BC(10/04,5200m),ABC(22/04,6400m),C1(24/04,7100m),C2(15/04,7500m),C3(17/05,7900m),Smt(18/05)",2006
"BC(12/04),C1(22/04,7100m),C2(01/05,7500m),C3(16/05,8300m),Smt(17/05)",2006
"BC(10/04,5200m),ABC(22/04,6400m),C1(03/05,7000m),C2(15/05,7600m),C3(16/05,8300m),Smt(17/05)",2006
"BC(10/04,5200m),ABC(17/04,6400m),C1(21/04,7000m),C2(05/05,7500m),C3(15/05,7900m),Smt(17/05)",2006
"BC(10/04,5200m),ABC(17/04,6400m),C1(27/04,7000m),C2(15/05,7500m),C3(16/05,8000m),Smt(17-18,21/05)",2006
"BC(05/04,6400m),ABC(12/04,6400m),C1(21/04,7000m),C2(16/05,7800m),C3(17/05,8000m),Smt(17,22/05)",2006
"BC(01/05,5200m),ABC(03/05,6400m),C1(08/05,7100m),C2(15/05,7900m),C3(16/05,8300m),Smt(17/05)",2006
"BC(26/04,5400m),ABC(30/04,6400m),C1(02/05,7000m),C2(16/05,7800m),C3(17/05,8350m),Smt(18/05)",2006
"BC(08/04,5150m),ABC(22/04,6400m),C1(26/04,7050m),C2(06/05,7700m),C3(15/05,8300m),Smt(16/05)",2006
"BC(08/05,5300m),ABC(11/05,6300m),C2(15/05,7700m),C3(16/05,8300m),Smt(17/05)",2006
"BC(18/04,5200m),ABC(25/04,6440m),C1(03/05,7030m),C2(16/05,7500m),C3(17/05,8300m),Smt(18/05)",2006
"BC(05/04,5200m),ABC(13/04,6400m),C1(26/04,7000m),C2(02/05,7700m),C3(15/05,8300m),Smt(16/03)",2006
"BC(10/04,5200m),C1(17/04,6400m),C1(28/04,7000m),C2(30/04,7500m),C3(17/05,8300m),Smt(18/05)",2006
"BC(16/04,5000m),ABC(24/04,6400m),C1(01/05,7000m),C2(05/05,7700m),C3(17/05,8300m),Smt(18/05)",2006
"BC(29/04,5200m),ABC(01/05,6300m),C1(07/05,7000m),C2(16/05,7900m),Smt(17/05)",2006
"BC(09/04,5105),ABC(16/04,63340m),C1(30/04,7000m),C2(06/05,7580m),C3(16/05,8300m),Smt(17/05)",2006
"BC(12/04,5200m),ABC(17/04,6400m),C1(10/05,7100m),C2(16/05,7900m),C3(16/05,8300m),Smt(17/05)",2006
"BC(06/04,5200m),ABC(16/04,6400m),C1(22/04,7100m),C2(13/04,7800m),C3(14/05,8300m),Smt(15,24/05)",2006
"BC(05/04,5200m),ABC(19/04,6400m),C1(25/04,7100m),C3(13/05,8300m),Smt(14,17/05)",2006
"BC(17/04,5200m),ABC(22/04,6400m),C1(23/04,7000m),C2(10/05,7700m),C3(12/05,8300m),Smt(23/05)",2006
"BC(19/04,5200m),ABC(24/04,6400m),C1(29/04,7000m),C2(04/05,7700m),C3(20/05,8300m),Smt(21,23/05)",2006
"SherpasBC(29/03),MbrsBC(18/04),ABC(24/04,6400m),C1(07/05,7000m),C2(13/05,7800m),C3(14/05,8300m),Smt(15,21,25/05)",2006
"BC(07/04,5150m),ABC(10/04,6400m),C1(16/04,7100m),C2(14/05,7700m),C3(15/05,8300m),Smt(16/05)",2006
"BC(10/04),ABC(16/04,6400m),C1(21/04,7000m),C2(27/04,7500m),C3(17/05,8300m),Smt(18/05)",2006
"BC(09/04,5200m),ABC(16/04,6400m),C1(03/05,7100m),C2(12/05,7700m),C3(13/05,8300m),Smt(15/05)",2006
"BC(07/04,5150m),ABC(10/04,6400m),C1(16/04,7100m),C2(25/04,7800m),C3(15/05,8300m),Smt(16/05)",2006
"BC(03/04,5200m),ABC(08/04,6400m),C1(11/04,7100m),C2(20/04,7600m),C3(15/05,8300m),Smt(16-17/05)",2006
"BC(07/04,5150m),ABC(10/04,6400m),C1(16/04,7100m),C2(14/05,7700m),C3(15/05,8300m),Smt(16/05)",2006
"BC(19/04,5200m),IC(23/04,5300m),ABC(24/04,6400m),C1(11/05,7000m),C2(13/05,7900m),C3(14/05,8300m),Smt(15/05)",2006
"BC(11/04),ABC(15/04,6400m),C1(18/04,7100m),C2(19/04,7500m),Smt(30/04)",2007
"BC(23/04,5200m),ABC(26/04,6400m),C1(7050m),C2(13/05,7800m),C3(14/05,8300m),Smt(15/05)",2007
"BC(14/04),ABC(02/04,6400m),C1(12/05,7000m),C2(13/05,7600m),C3(14/05,8200m),Smt(15/05)",2007
"BC(23/04,5180m),ABC(29/04,6350m),C1(02/05,7000m),C2(13/05,7700m),C3(14/05,8300m),Smt(15/05)",2007
"BC(12/04),ABC(19/04,6450m),C1(28/04,7050m),C2(14,24/05,7700m),C3(15,22/05,8300m),Smt(16,23/05)",2007
"BC(09/04),ABC(14/04,6441m),C1(24/04,7150m),C2(14/05,7800m),C3(15/05,8300m),Smt(16/05)",2007
"BC(20/04),ABC(29/04,6350m),C1(06/05,7050m),C2(13/05,7800m),C3(14/05,6300m),Smt(15/05)",2007
"BC(21/04),ABC(25/04,6350m),Biv(30/04,7050m),Biv(14/05,7600m),Biv(15/05,8100m),Smt(17/05)",2007
"BC(21/04,5200m),ABC(25/04,6900m),C1(01/05,7000m),C2(16/05,7500m),C3(17/05,8000m),Smt(18/05)",2007
"BC(11/04,5200m),ABC(15/04,6400m),C1(26/04,7000m),C2(14/05,7900m),C3(15/05,8300m),Smt(16/05)",2007
"BC(03/04,5200m),ABC(08/04,6400m),C1(24/04,7000m),C2(13/05,7700m),C3(14/05,8300m),Smt(15/05)",2007
"BC(03/05,5200m),ABC(05/05,6400m),C1(12/05,7000m),C2(19/05,7700m),C3(20/05,8300m),Smt(21/05)",2007
"BC(09/04,5200m),ABC(17/04,6400m),C1(30/04,7000m),C2(14/05,7700m),C3(15/05,8300m),Smt(16/05)",2007
"BC(20/04,5200m),ABC(27/04,6400m),C1(02/05,7000m),C2(21/05,7600m),C3(22/05,8300m),Smt(23-24/05)",2007
"BC(10/04,5170m),ABC(20/04,6450m),C1(28/04,7040m),C2(16/05,7700m),C3(17/05,8200m),Smt(18-19/05)",2007
"BC(23/04),ABC(11/05,6450m),C1(10/05,7050m),C2(21/05,7650m),C3(22/05,8200m),Smt(23/05,05/06)",2007
"BC(16/04),ABC(23/04,6400m),C1(05/05,7060m),C2(18/05,7750m),C3(19/05,8200m),Smt(21/05)",2007
"BC(30/03),ABC(05/04,6400m),C1(09/04,7200m),C2(21/04,7850m),C3(10/05,8300m),Smt(15-16,21,23/05)",2007
"BC(15/04),ABC(24/04,6400m),C1(27/04,7050m),C2(05/05,7700m),C3(18/05,8300m),Smt(19-20/05)",2007
"BC(11/04,5200m),ABC(17/04,6400m),C1(20/04,7000m),C2(08/05,7600m),C3(14/05,8300m),Smt(15-16,18/05)",2007
"BC(03/05,5200m),ABC(09/05,6400m),C1(15/05,7000m),C2(21/05,7800m),C3(04/06,8300m),Smt(05/06)",2007
"BC(12/04),ABC(19/04,6400m),C1(24/04,7000m),C2(28/04,7500m),C3(14/05,7800m),C4(15/05,8300m),Smt(16/05)",2007
"BC(19/04,5200m),ABC(24/04,6400m),C1(27/04,7050m),C2(30/04,7700m),C3(03/05,8200m),Smt(16/05)",2007
"BC(18/04,5300m),ABC(23/04,6500m),C1(26/04,7000m),C2(06/05,7500m),C3(15/05,8300m),Smt(16/05)",2007
"BC(20/04,5200m),ABC(24/04,6400m),C1(01/05,7000m),C2(14/05,7700m),C3(15/05,8300m),Smt(16/05)",2007
"BC(23/04,5150m),ABC(28/04,6400m),C1(02/05,7000m),C2(22/05,7650m),C3(23/05,8210m),Smt(24/05,05/06)",2007
"BC(12/04,5200m),ABC(18/04,6400m),C1(22/04,7100m),C2(14/05,7700m),C3(15/05,8300m),Smt(16/05)",2007
"BC(07/04,5182m),ABC(14/04,6400m),C1(23/04,7010m),C2(13/05,7600m),C3(14/05,8000m),Smt(15/05)",2007
"BC(21/04,5200m),ABC(25/04,6300m),C1(01/05,7000m),C2(16/05,7500m),C3(17/05,8050m),Smt(18/05)",2007
"BC(08/04,5200m),ABC(15/04,6400m),C1(03/05,7150m),C2(18/05,7800m),C3(19/05,8300m),Smt(20/05)",2007
"BC(20/04,5200m),ABC(24/04,6400m),C1(29/04,7000m),C2(16/05,7500m),C3(21/05,8300m),Smt(22/05)",2007
"BC(20/04,5200m),ABC(24/04,6400m),C1(14/05,7000m),C2(15/05,7900m),C3(16/05,8300m),Smt(17/05)",2007
"BC(27/04,5178m),ABC(03/05,6460m),C1(12/05,7066m),C2(13/05,7850m),C3(14/05,8300m),Smt(15/05)",2007
"BC(07/04,5200m),ABC(14/04,6300m),C1(16/04,7010m,),C2(27/04,7700m),C3(15/05,8300m),Smt(16-17,19-20/05)",2007
"BC(08/04,5200m),ABC(16/04,6400m),C1(24/04,7000m),C2(17/05,7700m),C3(18/05,8300m),Smt(19-20/05)",2007
"BC(07/04,5200m),ABC(15/04,6400m),C1(28/04,7000m),C3(14/05,8300m),Smt(02,15-16/05)",2007
"BC(22/04,5200m),ABC(26/04,6400m),C1(30/04,7000m),C2(06/05,7500m),C3(17/05,8300m),Smt(18/05)",2007
"BC(05/04,5141m),ABC(09/04,6376m),C1(26/04,7024m),C2(12/05,7511m),C3-Members(13/05,7806m),C3(28/04,7806m),C4(14/05,8250m),Smt(30/04,15,21-22/05,14/06)",2007
"BC(07/05,5141m),ABC(18/05,6376m),C1(25/05,7024m),C2(03/06,7511m),C3(12/06,7800m),C4(13/06,5250m),Smt(14/06)",2007
"BC(10/04,5200m),ABC(19/04,6400m),C1(26/04,7050m),C2(02/05,7600m),C3(14/05,8200m),Smt(08,15,17/05)",2007
"BC(04/04,5200m),ABC(10/04,6450m),C1(18/04,7000m),C2(03/05,7900m),C3(15/05,8300m),Smt(16/05)",2007
"BC(28/03),ABC(02/04,6500m),C1(10/04,7000m),C2(14/05,7700m),C3(15/05,8300m),Smt(16/05)",2007
"BC(14/04,5100m),IC(20/04,5800m),ABC(27/04,6500m),C1(01/05,7028m),C2A(06/05,7500m),C2B(19/05,7900m),C4(20/05,8300m),Smt(21,24/05)",2007
"BC(23,25/03,6400m),ABC(31/03,7100m),C2(30/04,7800m),C3(08/05,8300m),Smt(09/05)",2007
See route note descriptions for individual teams,2007
"BC(5300m),C1(5800m),C2.ABC(6500m),C3(7028m),C4(7990m),C5(8300m),Smt(07-08/05)",2008
"BC(10/04),ABC(18/04,6500m),C1(7028m),C2(7790m),C3(8300m),Smt(15,17-18/05)",2009
"BC(06/05),ABC(12/05,6400m),C1(16/05,7050m),xxx.Batard(18/05,7650m),C2(19/05,7700m),C3(20/05,8300m),xxx.Cina(21/05,8800m),Sherpa.Smt(21/05)",2009
"BC(26/04,5713m),ABC(30/04,6700m),C1(07/05,7000m),C2(19/05,7500m),C3(20/05,8300m),Smt(21/05)",2009
"BC(19/04,5200m),ABC(25/04,6125m),C1(18/05,7100m),C2(19/05,7700m),C3(20/05,8300m),Smt(21/05)",2009
"BC(19/04,5300m),C1(09/05,7000m),C2(15/05,7600m),C3(20/05,8300m),Smt(21/05)",2009
"BC(23/04,5200m),ABC(08/05,6400m),C1(12/05,7100m),C2(20/05,7700m),C3(21/05,8300m),Smt(22/05)",2009
"BC(24/04,5700m),ABC(29/04,6400m),C2(20/05,7700m),C3(21/05,8300m),Smt(22/05)",2009
"BC(20/04,5500m),ABC(27/04,6400m),C1(07/05,7000m),C2(20/05,7700m),C3(21/05,8300m),Smt(22/05)",2009
"BC(17/04),ABC(23/04,6400m),C1(01/05,7000m),C2(18/05,7800m),C3(19/05,8300m),Smt(20/05)",2009
"BC(17/04,5300m),ABC(20/04,6400m),C1(30/04,7100m),C2(16/05,7800m),C3(17/05,8300m),Smt(18/05)",2009
"BC(28/04,5200m),ABC(02/05,6450m),C1(09/05,7000m),C2(16/05,7900m),C3(17/05,8300m),Smt(18/05)",2009
"BC(17/04,5200m),ABC(23/04,6400m),C1(28/04,7050m),C2(04/05,7700m),C3(19/05,8250m),Smt(20-21/05)",2009
"BC(19/04,5300m),ABC(26/04,6400m),C1(27/04,7000m),C2(19/05,7800m),C3(20/05,8300m),Smt(21/05)",2009
"BC(28/04,5200m),ABC(02/05,6400m),C1(07/05,7035m),C2(20/05,7700m),C3(21/05,8300m),Smt(22/05)",2009
"BC(28/04,5200m),ABC(02/05,6450m),C1(09/05,7000m),C2(16/05,7900m),C3(17/05,8300m),Smt(18/05)",2009
Smt(23/05),2010
"BC,ABC(6500m),C1(7028m),C2(7790m),C3(8300m),Smt(05/17)",2010
"BC(12/04,5200m),ABC(17/04,6400m),C1(06/05,7000m),C2(15/05,7600m),Smt(17/05)",2010
"BC(16/04,5200m),ABC(20/04,6400m),C1(22/04,7000m),C2(25/04,7500m),C3(21/05,8300m),Smt(22/05)",2010
"BC(14/04,5200m),ABC(04/18,6400m),C1(22/04,7100m),C2(21/05,7800m),C3(22/05,8300m),Smt(23/05)",2010
Smt(23/05),2010
"BC(12/04,5200m),IC(5800m),ABC(6400m),C1(15/05,7027m),C2(16/05,7790m),C3(17/05,8300m),Smt(18/05)",2010
"BC(09/04,5300m),ABC(14/04,6400m),C1(18/04,7000m),C2(22/04,7500m),C3(23/05,8300m),Smt(24/05)",2010
"BC(09/04,5200m),ABC(14/04,6435m),C1(24/04,7050m),C2(29/04,7600m),C3(23/05,8350m),Smt(24/05)",2010
"BC(13/04,5200m),ABC(19/04,6400m),C1(21/05,7000m),C2(22/05,7800m),C3(23/05,8300m),Smt(24/05)",2010
"BC(08/04,5200m),ABC(15/04,6400m),C1(21/04,7000m),C2(22/04,7500m),C3(23/05,8300m),Smt(24/05)",2010
"BC(09/04,5200m),ABC(14/04,6400m),C1(23/04,7000m),C2(22/05,7700m),C3(23/05,8300m),Smt(24/05)",2010
"BC(13/04,5200m),ABC(19/04,6400m),C1(01/05,7000m),C2(22/05,7800m),C3(23/05,8300m),Smt(24/05)",2010
"BC(24/04,5200m),ABC(02/05,6400m),C1(12/05,7000m),C2(23/05,7700m),C3(24/05,8200m),Smt(25/05)",2010
"BC(08/04,5200m),ABC(12/04,6400m),C1(28/04,7060m),C2(16/05,7650m),C3(17/05,8300m),Smt(18/05)",2010
"BC(16/04,5150m),ABC(22/04,6350m),C1(05/05,7000m),C2(21/05,7700m),C3(22/05,8300m),Smt(23/05)",2010
"BC(12/04,5200m),ABC(18/04,6400m),C1(01/05,7200m),C2(22/05,7700m),C3(23/05,8300m),Smt(24/05)",2010
"BC(12/04,5010m),ABC(18/04,5630m),C1(22/04,7000m),C2(22/04,7500m),C3(23/05,8300m),Smt(24/05)",2010
"BC(14/04,5200m),ABC(18/04,6400m),C1(01/05,7200m),C2(21/05,7800m),C3(22/05,8300m),Smt(23/05)",2010
"BC(12/04,5200m),ABC(16/04,6400m),C1(27/04,7000m),C2(21/05,7700m),C3(22/05,8300m),Smt(23-24/05)",2010
"BC(14/04,5200m),ABC(19/04,6400m),C1(23/04,7100m),C2(21/05,7700m),C3(22/05,8300m),Smt(23/05)",2010
"BC(24/04,5200m),ABC(29/04,6400m),C1(17/05,7100m),C2(21/05,7700m),C3(22/05,8300m),Smt(23/05)",2010
"BC(07/04),ABC(13/04,6450m),C1(16/04,7060m),C2(27/04,7820m),C3(21/05,8300m),Smt(24/05)",2010
"BC(11/05,5200m),ABC(17/05,6400m),C1(19/05,7000m),C2(22/05,7800m),C3(23/05,8300m),Smt(24/05)",2010
"BC(11/04,5200m),ABC(18/04,6400m),C1(02/05,7000m),C2(21/05,7800m),C3(22/05,8300m),Smt(23/05)",2010
"Smt(20-21,26/05)",2011
"BC,ABC(6400m),C1(7000m),C2(7700m),C3(8300m),Smt(19-20/05)",2011
"BC(19/04),ABC(24/04,6400m),C1(29/04,7000m),C2(10/05,7600m),C3(20/05,8400m),Smt(21/05)",2011
"BC.Sherpas(12/04,5200m),BC.Mbrs(19/04,5200m),ABC(24/04,6400m),C1(01/05,7000m),C2(09/05,7700m),C3(20/05,8300m),Smt(21/05)",2011
Smt(19-20/05),2012
"BC(23/04,5200m),ABC(27/04,6400m),C1(08/05,7000m),C2(17/05,7700m),C3(18/05,8300m),Smt(19/05)",2012
"BC(14/04,5000m),ABC(21/04,6500m),C1(23/04,7000m),C2(7700m),C3(18/05,8300m),Smt(19/05)",2012
"BC(15/04,5000m),ABC(24/04,6400m),C1(08/05,7100m),C2(23/05,7800m),C3(24/05,8300m),Smt(25/05)",2012
"BC(17/04,5000m),ABC(25/04,6400m),C1(04/05,7000m),C2(24/05,7800m),C3(25/05,8300m),Smt(26/05)",2012
"BC(12/04,5200m),ABC(14/04,6400m),C1(19/04,7000m),C2(18/05,7700m),C3(19/05,8300m),Smt(20/05)",2012
"BC(17/04,5100m),IC(20/04,5800m),ABC(25/04,6400m),C1(01/05,7000m),C2(17/05,7700m),C3(18/05,8300m),Smt(20/05)",2012
"BC(23/04,5200m),ABC(27/04,6400m),C1(08/05,7000m),C2(17/05,7700m),C3(18/05,8300m),Smt(19/05)",2012
"BC(13/04,5200m),BC(14/04,5200m),ABC(22/04,6400m),C1(16/05,7050m),C2(17/05,7800m),C3(18/05,8300m),Smt(19/05)",2012
"BC(14/04,5230m),ABC(21/04,6400m),C1(27/04,7050m),C2(18/05,7600m),C3(25/05,8300m),Smt(20,26-27/05)",2012
"BC(15/04,5100m),ABC(23/04,6400m),C1(29/04,7000m),C2(17/05,7700m),C3(18/05,8300m),Smt(19/05)",2012
"BC(14/04,5200m),ABC(21/04,6400m),C1(02/05,7000m),C2(17/05,7700m),C3(24/05,8300m),Smt(25/05)",2012
"BC(23/04,5200m),ABC(27/04,6400m),C1(08/05,7000m),C2(17/05,7700m),C3(18/05,8300m),Smt(19/05)",2012
"BC(25/04,5100m),ABC(28/04,6400m),C1(05/05,7000m),C2(23/05,7600m),C3(24/05,8200m),Smt(25/05)",2012
"BC(12/04,5200m),ABC(14/04,6400m),C1(12/05,7000m),C2,C3,Smt(20/05)",2012
"BC(13/04,5100m),ABC(20/04,6400m),C1(01/05,7100m),C2(23/05,7800m),C3(24/05,8300m),Smt(25/05)",2012
"BC,ABC,C1,C2,C3,Smt(20/05)",2012
"BC,ABC,C1,C2,C3,Smt(20/05)",2012
Smt(19/05),2012
Smt(19/05),2012
"BC(17/04),ABC(6400m),C1(7000m),C2(17/05,7775m),C3(18/05,8300m),Smt(19/05)",2012
"BC(15/04,5100m),ABC(19/04,6400m),C1(04/05,7000m),C2(17/05,7700m),C3(18/05,8300m),Smt(19-20/05)",2013
"BC(13/05,5100m),ABC(14/05,6492m),C1(15/05,7000m),C2(17/05,7700m),C3(18/05,8300m),Smt(19/05)",2013
"Smt(10,17/05)",2013
"BC(13/04,5250m),ABC(20/04,6400m),C1(04/05,7000m),C2(20/05,7700m),C3(21/05,8300m),Smt(22/05)",2013
"BC(15/04,5200m),ABC(20/04,6400m),C1(01/05,7000m),C2(05/05,7800m),C3(24/05,8300m),Smt(25/05)",2013
"BC(19/04,5200m),ABC(20/04,6400m),C1(01/05,7000m),C2(17/05,7700m),C3(18/05,8300m),Smt(19/05)",2013
"BC(14/04,5600m),ABC(19/04,6400m),C1(05/05,7000m),C2(13/05,7800m),C3(15/05,8300m),Smt(15/05)",2013
"BC(19/04,5200m),ABC(24/04,6400m),C1(14/05,7000m),C2(18/05,7600m),C3(19/05,8250m),Smt(20/05)",2013
"BC(19/04,5200m),ABC(22/04,6500m),C1(28/04,7200m),C2(12/05,7600m),C3(20/05,8300m),Smt(20/05)",2013
"BC(14/04,5200m),ABC(22/04,6400m),C1(13/05,7050m),C2(20/05,7700m),C3(21/05,8300m),Smt(22/05)",2013
"BC(16/04,5200m),ABC(21/04,6400m),C1(22/04,7000m),C2(19/05,7700m),C3(20/05,8300m),Smt(21/05)",2013
"BC(15/04,5200m),ABC(22/04,6400m),C1(04/05,7000m),C2(15/05,7800m),C3(21/05,8300m),Smt(22-23/05)",2013
"BC(19/04,5200m),IC(22/04,6200m),ABC(29/04,6400m),C1(04/05,7000m),C2(17/05,7700m),C3(18/05,8300m),Smt(19-20/05)",2013
"BC(05/04),Smt(18/05)",2013
"BC(12/04,5200m),ABC(17/04,6400m),C1(19/04,7000m),C2(21/05,7900m),C3(22/05,8300m),Smt(24-25/05)",2014
"BC,ABC(6400m),C1(7000m),C2(7900m),C3(8400m),Smt(23,25/05)",2014
"BC(15/04,5300m),ABC(20/04,6400m),C1(27/04,7000m),C2(23/05,7800m),C3(24/05,8300m),Smt(25/05)",2014
"BC(15/04,5300m),ABC(21/04,6400m),C1(25/04,7000m),C2(23/05,7800m),C3(24/05,8300m),Smt(25/05)",2014
"BC(15/04,5300m),IC(23/04,5900m),ABC(24/04,6400m),C1(01/05,7100m),C2(23/05,7800m),C3(24/05,8300m),Smt(25/05)",2014
"BC(14/04,5200m),ABC(21/04,6400m),C1(04/05,7050m),C2(23/05,7800m),C3(24/05,8300m),Smt(25/05)",2014
"CBC(16/04,5300m),IC(20/04,5800m),ABC(21/04,6400m),C1(06/05,7150m),C2(22/05,7700m),C3(23/05,8300m),Smt(24-25/05)",2014
"BC(14/04,5150m),ABC(21/04,6400m),C1(07/05,7000m),C2(23/05,7600m),C3(21/05,8400m),Smt(25/05)",2014
"BC(17/04,5100m),IC(20/04,5800m),ABC(28/04,6400m),C1(01/05,7000m),C2(22/05,7700m),C3(23/05,8300m),Smt(24-25/05)",2014
"BC(16/04,5100m),ABC(20/04,6400m),C1(27/04,7100m),C2(23/05,7800m),C3(24/05,8300m),Smt(25/05)",2014
"BC(17/04,5200m),ABC(25/04,6300m),C1(29/04,7000m),C2(19/05,7800m),
       C3(20/05,8300m),Smt(21/05)",2016
"BC,ABC(6500m),C1(7028m),C2(7790m),C3(8300m),Smt(19-20/05)",2016
"BC(21/04,4900m),ABC(28/04,6400m),C1(08/05,7000m),C2(21/05,7800m),C3(22/05,8300m),Smt(23-24/05)",2016
"BC(17/04,4900m),ABC(24/04,6400m),C1(27/04,7000m),C2(21/05,7800m),C3(22/05,8300m),Smt(23/05)",2016
"BC(19/04,5200m),IC(22/04,5800m),ABC(28/04,6400m),C1(04/05,7000m),C2(18/05,7700m),C3(19/05,8300m),Smt(20-21/05)",2016
"BC(28/04,5150m),ABC(01/05,6300m),C1(05/05,7000m),C2(10/05,7600m),C3(22/05,8300m),Smt(23/05)",2016
"BC(24/04,5200m),ABC(28/04,6400m),C1(04/05,7000m),C2(10/05,7700m),C3(23/05,8300m),Smt(24/04)",2016
"BC(24/04,5200m),ABC(29/04,6400m),C1(10/05,7000m),C2(20/05,7700m),C3(21/05,8300m),Smt(22/04)",2016
"BC(25/04,5000m),ABC(01/05,6400m),C1(07/05,7000m),C2(21/05,7700m),C3(22/05,8300m),Smt(23/05)",2016
"BC(21/04,4900m),ABC(27/04,6400m),C1(17/05,7000m),C2(18/05,7800m),C3(19/05,8300m),Smt(20/05)",2016
"BC(17/04,4900m),ABC(25/04,6400m),C1(29/04,7000m),C2(17/05,7800m),C3(18/05,8300m),Smt(19/05)",2016
"BC(17/04,5200m),ABC(25/04,6400m),C1(30/04,7000m),C2(08/05,7800m),C3(22/05,8200m),Smt(23/05)",2016
"BC(17/04,4900m),ABC(22/04,6400m),C1(24/04,7000m),C2(19/05,7800m),C3(20/05,8300m),Smt(21/05)",2016
"BC(18/04,4900m),IC(22/04,5750m),ABC(01/05,6400m),C1(05/05,7000m),C2(22/05,7800m),C3(23/05,8200m),Smt(24/05)",2016
"BC(11/05,4900m),IC(15/05,5750m),ABC(16/05,6400m),C1(18/05,7000m),C3(19/05,8200m),Smt(20/05)",2016
"BC(16/05,4900m),IC(18/05,5750m),ABC(20/05,7400m),C2(21/05,7800m),C3(22/05,8200m),Smt(23/05)",2016
"BC(25/04,4900m),ABC(30/04,6400m),C1(05/05,7000m),C2(19/05,7800m),C3(20/05,8200m),Smt(21/05)",2016
"BC(19/04,4900m),ABC(28/04,6400m),C1(03/05,7000m),C2(18/05,7800m),C3(19/05,8200m),Smt(20/05)",2016
"BC(19/04,4900m),ABC(28/04,6400m),C1(03/05,7000m),C2(18/05,7800m),C3(19/05,8200m),Smt(20/05)",2016
"BC(20/04,5200m),ABC(26/04,6400m),C1(30/04,7000m),C2(14/05,7800m),C3(21/05,8300m),Smt(22/05)",2016
"BC,ABC,C1,C2,C3,Smt(22/05)",2016
"BC(18/04,5200m),ABC(23/04,6400m),C1(27/04,7000m),C2(18/05,7800m),C3(19/05,8200m),Smt(20/05)",2016
"BC(20/04,4900m),ABC(26/04,6400m),C1(29/04,7000m),C2(21/05,7800m),C3(22/05,8300m),Smt(23/05)",2016
"BC(10/05,5200m),ABC(16/05,6400m),C1(18/05,7000m),C2(19/05,7800m),C3(20/05,8300m),Smt(21/05)",2016
"BC(20/04,5200m,IC(27/04,5900m)ABC(28/04,6400m),C1(03/05,7100m),C2(18/05,7700m),C3(19/05,8300m),Smt(20/05)",2016
"BC(19/04,5200m),IC(21/04),ABC(22/04,6400m),C1(06/04,7000m),C2(20/05,7500m),C3(21/05,8300m),Smt(22/05)",2016
"BC,ABC,C1,C2,C3,Smt(11/05)",2017
"BC(18/04,5200m),IC(27/04,5700m),ABC(26/04,6400m),C1(30/04,7100m),C2(11/05,7900m),C3(12/05,8300m),Smt(13,16,22/05)",2017
"BC(27/04,5100m),IC(30/04,5800m),ABC(01/05,6400m),C1(05/05,7000m),C2(20/05,7800m),C3(21/05,8300m),Smt(13,19,20,22/05)",2017
"BC(18/04,4900m),ABC(25/04,6400m),C1()02/05,7000m,C2(19/05,7650m),C3(20/05,8200m),Smt(21/05)",2017
"BC(15/04,4900m),ABC(20/04,6400m),C1(03/05,7000m),C2(20/05,7850m),C3(21/05,8200m),Smt(22,27/05)",2017
"BC(16/04,4900m),ABC(25/04,6400m),C1(29/04,7050m),C2(25/05,7650m),C3(26/05,8200m),Smt(27/05)",2017
"BC(17/04,4900m),ABC(26/04,6400m),C1(04/05,7000m),C2(14/05,7650m),C3(15/05,8200m),Smt(16/05)",2017
"BC(14/04,5200m),ABC(18/04,6400m),C1(05/05,7000m),C2(14/05,7650m),C3(15/05,8200m),Smt(16/05)",2017
"BC(13/04,4900m),ABC(19/04,6400m),C1(30/04,7000m),C2(19/05,7650m),C3(20/05,8200m),Smt(21/05)",2017
"BC(18/04,5200m),ABC(24/04,6400m),C1(29/04,7000m),C2(14/05,7700m),C3(26/05,8300m),Smt(27/05)",2017
"BC(20/04,5180m),IC(25/04,5800m),ABC(26/04,6400m),C1(30/04,7100m),C2(17/05,7800m),C3(19/05,8300m),Smt(20/05)",2017
"BC(14/04,4900m),ABC(20/04,6400m),C1(27/04,7000m),C2(20/05,7650m),C3(21/05,8200m),Smt(22/05)",2017
"BC(18/04,4900m),ABC(29/04,6400m),C1(03,18/05,7000m),C2(19/05,7650m),C3(20/05,8200m),Smt(21-22/05)",2017
"BC(12/04,5200m),ABC(15/04,6400m),C1(25/04,7000m),C2(14/05,7650m),C3(15/05,8300m),Smt(16/05)",2017
"BC(07/04,5200m),ABC(12/04,6400m),C1(18/04,7000m),C2(20/05,7800m),C3(21/05,8300m),Smt(22/05)",2017
"BC(16/04,4900m),ABC(23/04,6400m),C1(03/05,7000m),C2(14/05,7650m),C3(15/05,8200m),Smt(16/05)",2017
"BC(16/04,4900m),ABC(23/04,6400m),C1(27/04,7000m),C2(30/04,7650m),C3(15/05,8200m),Smt(16/05)",2017
"BC(17/04,5150m),ABC(28/04,6400m),C1(03/05,7050m),C2(25/05,7700m),C3(26/05,8300m),Smt(27/05)",2017
"BC(10/05,4900m),ABC(12/05,6400m),Smt(21,27/05)",2017
"BC(17/04,5100m),ABC(24/04,6400m),C1(27/04,7100m),C2(19/05,7700m),C3(20/05,8300m),Smt(21/05)",2017
Smt(21/05),2017
"BC,ABC,C1,C2,C3,Smt(23/05)",2017
"BC(17/04,5300m),ABC(23/04,6400m),C1(02/05,7000m),C2(17/05,7700m),C3(18/05,8200m),Smt(19/05)",2018
"BC(22-25/04,5100m),IC(28/04,5800m),ABC(01/05,6400m),C1(05/05,7000m),C2(07/05,7900m),C3(15/05,8300m),Smt(16-19/05)",2018
"CBC(18/04,4900m),ABC(24/04,6400m),C1(30/04,7050m),C2(18/05,7900m),C3(19/05,8200m),Smt(20/05)",2018
"CBC(16/04,4900m),ABC(21/04,6400m),C1(04/05,7000m),C2(17/05,7850m),C3(18/05,8300m),Smt(19/05)",2018
"BC(16/04,4900m),ABC(26/04,6400m),C1(01/05,7000m),C2(13/05,7650m),C3(14/05,8200m),Smt(15/05)",2018
"BC(09/05,5200m),ABC(10/05,6400m),C1(14/05,7000m),C2(15/05,7700m),Smt(20/05)",2018
"CBC(18/04,4900m),ABC(27/04,6400m),C1(01/05,7050m),C2(15/05,7650m),C3(16/05,8200m),Smt(17/05)",2018
"CBC(14/04,4900m),ABC(22/04,6400m),C1(03/05,7050m),C2(14/05,7800m),C3(15/05,8250m),Smt(16,21/05)",2018
"CBC(28/04,4900m),ABC(05/05,6400m),C1(09/05,7000m),C2(20/05,7800m),C3(21/05,8300m),Smt(21-22/05)",2018
"CBC(17/04,4900m),ABC(24/04,6400m),C1(01/05,7050m),C2(16/05,7650m),C3(17/05,8200m),Smt(18/05)",2018
"BC(17/04,5100m),IC(22/04,5750m),ABC(27/04,6400m),C1(01/05,7050m),C2(14/05,7650m),C3(15/05,8200m),Smt(16/05)",2018
"BC(16/04,4900m),ABC(23/04,6400m),C1(29/04,7050m),C2(13/05,7650m),C3(14/05,8200m),Smt(15/05)",2018
"BC(20/04,4900m),ABC(22/04,6400m),C1(11/05,7050m),C2(12/05,7650m),C3(13/05,8200m),Smt(14/05)",2018
"BC(18/04,4900m),ABC(23/04,6400m),C1(28/04,7050m),C3(15/05,8200m),Smt(15,20/05)",2018
"CBC(17/04,4900m),ABC(24/04,6400m),C1(06/05,7050m),C2(16/05,7650m),C3(17/05,8200m),Smt(18/05)",2018
"BC(18/04,5300m),ABC(24/04,6400m),C1(14/05,7050m),C2,C3(8300m),Smt(18-19/05",2018
"BC(13/04,5200m),ABC(20/04,6500m),C1(30/04,7028m),C2(14/05,7790m),C3(15/05,8300m),Smt(16/05)",2018
"BC(09/04,5200m),ABC(24/04,6500m),C1(27/04,7028m),C2(13/05,7790m),C3(14/05,8300m),Smt(15/05)",2018
"BC(19/04,5000m),IC(26/04,6100m),ABC(27/04,6400m),C1(30/04,7100m),C2(14/05,7900m),C3(15/05,8300m),Smt(16-17/05)",2018
"BC,ABC,C1,C2,C3,Smt(14/05)",2018
"BC(21/04,5700m),ABC(28/94,6400m),C1(10/05,7000m),C2(21/05,7700m),C3(22/05,8300m),Smt(23/05)",2019
"BC(24/05,5180m),ABC(03/05,6490m),C1(20/05,7000m),C2(21/08),C3(23/08),Smt(24/19)",2019
"BC(18/04,5700m),ABC(23/05,6400m),C1(30/04,7000m),C2(21/05,7700m),C3(22/05,8300m),Smt(22/05)",2019
"BC(15/04),ABC(26/04,6400m),C1(01/05,7000m),C2(21/05),C3(22/05,8300m),Smt(23/05)",2019
"BC(16/04,5700m),ABC(25/04,6400m),C1(01/05,7000m),C2(22/05,7700m),C3(23/05,8300m),Smt(24/05)",2019
"BC(29/04,5700m),ABC(02/05,6400m),C1(20/05,7000m),C2(21/05,7700m),C3(22/05,8300m),Smt(23/05)",2019
"BC(18/04,5000m),IC(25/04),ABC(26/06,6400m),C1(30/04,7000m),C2(21/05,7900m),C3(22/05,8300m),Smt(23/05)",2019
"BC(15/04,5700m),ABC(21/04,6400m),C1(29/04,7000m),C2(21/05,7700m),C3(22/05,8300m),Smt(23-24/05)",2019
"BC(17/04,5200m),ABC(24/04,6400m),C1(20/05,7000m),C2(21/05,7600m),C3(22/05,8300m),Smt(23/05)",2019
"BC(15/04,5200m),ABC(22/04,6500m),C1(10/05,7000m),C2(22/06,7600m),C3(23/05,8300m),Smt(23-24/05)",2019
"BC(08/04,5700m),ABC(13/04,6400m),C1(28/04,7000m),C2(21/05,7700m),C3(22/05,8300m),Smt(23/05)",2019
"BC(17/04,5700m),ABC(25/04,6400m),C1(05/05,7000m),C2(21/05,7700m),C3(8300m),Smt(23/05)",2019
"BC(20/04,5100m),IC(23/04,5800m),ABC(02/05,6400m),C1(03/05,7000m),C2(21/05,7900m),C3(22/05,8300m),Smt(23-24/05)",2019
"BC(16/04,5700m),ABC(29/04,6400m),C1(01/05,7000m),C2(21/05,7700m),C3(22/05,8300m),Smt(23/05)",2019
"BC(18/04,7500m),ABC(24/04,6400m),C1(02/05,7000m),C2(21/05,7700m),C3(22/05,8300m),Smt(23/05)",2019
"BC(18/04,5700m),ABC(01/05,6400m),C1(02/05,7000m),C2(26/05,7000m),C3(27/05,8300m),Smt(28/05)",2019
"BC(23/04,5700m),ABC(30/04,6400m),C1(04/05,7000m),C2(28/05,7650m),C3(29/05,8300m),Smt(30/05)",2019
"BC(15/04,5150m),ABC(26/04,6400m),C1(30/04,7050m),C2(21/05,7600m),C3(22/05,8200m),Smt(23/05)",2019
"BC(16/04,5700m),ABC(25/04,6400m),C1(02/05,7000m),C2(21/05,7700m),C3(22/05,8300m),Smt(23/05)",2019
"BC(15/04,5700m),ABC(20/04,6400m),C1(30/04,7000m),C2(21/05,7700m),C3(22/05,8300m),Smt(23/05)",2019
"BC(08/04,5700m),ABC(13/04,6400m),C1(28/04,7000m),C2(21/05,7700m),C3(22/05,8300m),Smt(23/05)",2019
"BC,ABC(6400m),C1(7028m),C2(7790m),C3(8300m),Smt(22/05)",2019
"BC,ABC(6400m),C1(7028m),C2(7790m),C3(8300m),Smt(23/05)",2019
"BC(26/03),ABC(01/04,6500m),C1(08/04,7028m),C2(21/04,7790m),C3(04/05,8300m),Smt(08/05)",1994
"BC(04/07,5100m),ABC(14/07,6500m),Biv1(18/08,7800m),Biv2(19/08,8200m),Smt(20/08),Biv3(20/08,8200m)",1980
"BC(13/03,5150m),C119/03,5500m),C2(20/03,6100m),ABC(21/03,6500m),C4(30/03,7000m),C5(21/04,7600m),C6(07/05,8300m),Smt(15,17,21,24/05)",1991
"BC(30/04),ABC(03/05,6500m),C1(13/05,7000m),C2(14/05,7800m),C3(26/05,8200m),Smt(27/05)",1991
"BC(16/03),C1(21/03,5650m),C2(24/03,6100m),C3(28/03,6500m),C4(02/04,7000m),C5(05/05,7800m),C6(18/05,8300m),Smt(19,25-26,31/05)",1994
"BC(05/04,5200m),C1(5700m),C2(5800m),C3.ABC(10/04,6400m),C4(19/04,7040m),C5(03/05,7850m),C6(09/05,8320m),Smt(10,17/05)",1996
"ChineseBC(07/04,5200m),ABC(11/04,6450),C1(20/04,7060),C2(15/05,7800m),C3(16/05,8300m),Smt(17-18/05)",1996
"ChineseBC(10/04,5200m),ABC(17/04,6400m),C1(27/04,7000m),C2(16/05,7800m),C3(18/05,8300m),Smt(19/05)",1996
"ChineseBC(13/04),ABC(15/04,6300m),C4(01/05,7000m),C5(15/05,7800m),C6(16/05,8300m),Smt(17,21/05)",1996
"ChineseBC(17/04,5200m),ABC(20/04,6470m),C1(27/04,7000m),C2(08/05,7800m),C3(09/05,8250m),Smt(24/05)",1996
"ChineseBC(17/05,5200m),ABC(19/05,6400m),C1(23/05,7000m),Smt(24/05)",1996
"BC(20/08),ABC(26/08,6400m),C1(09/09,7000m),C2(22/09,7900m),C3(25/09,8200m),Smt(26/09)",1996
"BC(07/04,5200m),ABC(6450m),C1(7060m),C2(27/05,7680m),C3(28/05,8300m),Smt(29/05)",1997
"BC(02/07,5150m),ABC(08-09/07,6500m),C4(31/07,7100m),C5(06/08,7750m),C6(11/08,8450m),Smt(28/08)",1985
"BC(20/08,5150m),C1,C2,C3.ABC(6400m),C4(15/09,7000m),C5A(20/09,7590m),C5B(17/10,7560m),C6(18/10,8100m),Smt(20/10)",1984
"BC(22/08,5300m),C1(26/08,6050m),C2(27/08,6500m),C3(02/09,7010m),C4(18/09,7900m),C5(05/10,8300m),Smt(06/10)",1993
"BC(30/08,5200m),ABC(08/09,6400m),C1(11/09,7000m),C2A(18/09,7800m),C2B(7900m),C3(08/10,8100m),Smt(09-10/10)",1993
"BC(29/03,5180m),IC1(5575m),IC2(6100m),ABC(03/04,6490m),C1(17/04,7000m),C2(30/04,7800m),C3(16/05,8150m),Smt(17/05)",1999
"BC(08/04),ABC(12/04,6400m),C1(19/04,7000m),C2(15/05,7800m),C3(16/05,8300m),Smt(17/05)",2002
"BC(12/04),ABC(15/04,6700m),C1(05/05,7000m),C2(15/05,7700m),C3(16/05,8320m),Smt(17/05)",2002
"BC(16/04),ABC(24/04,6400m),C1(07/05,7050m),C2(16/05,7800m),C3(17/05,8300m),Smt(18,25/05)",2002
"BC(13/05),ABC(14/05,6400m),C1(16/05,7000m),C2(22/05,7700m),C3(23/05,8200m),Smt(24/05)",2002
"BC(11/04),ABC(15/04,6400m),C1(06/05,7000m),C2(14/05,7400m),C3(16/05,7800m),C4.Russian(29/05,8300m),Smt(30/05)",2002
"BC(08/04),ABC(15/04,6400m),C1(20/04,7000m),C2(15/05,7700m),C3(16/05,8300m),Smt(17/05)",2002
"BC(08/04,5200m),ABC(14/04,6400m),C1(01/05,7000m),C2(10/05,7500m),C3(16/05,7900m),C4(16/05,8300m),Smt(17,25/05)",2002
"BC(13/04,5200m),ABC(18/04,6400m),C1(22/04,7000m),C2(13/05,7500m),C3(14/05,7800m),C4(15/05,8300m),Smt(16/05)",2002
"BC(05/04),ABC(11/04,6400m),C1(18/04,7000m),C2(14/05,7700m),C3(15/05,8200m),Smt(16/05)",2002
"BC(14/04),ABC(19/04,6400m),C1(26/04,7000m),C2(09/05,7700m),C3(24/05,8300m),Smt(25/05)",2002
"BC(16/04),ABC(17/04,6400m),C1(14/05,7000m),C2(15/05,7900m),C3(16/05,8300m),Smt(17/05)",2002
"BC(09/04),ABC(16/04,6400m),C1(28/04,7000m),C2(21/05,7640m),C3(29/05,8200m),Smt(30/05)",2003
"BC(18/04),ABC(24/04,6300m),C1(28/04,7000m),C2(24/05,7800m),C3(25/05,8300m),Smt(26/05)",2003
"BC(10/04,5200m),ABC(19/04,6400m),C1(25/04,7000m),C1.5(30/04,4500m),C2(20/05,7650m),C3(22/05,8300m),Smt(31/05)",2003
"BC(07/04,5300m),ABC(16/04,6400m),C1(25/04,7000m),C2(26/04,7500m),C3(17/05,7900m),C4(18/05,8300m),Smt(22,31/05)",2003
"BC(07/04,5300m),ABC(16/04,6400m),C1(25/04,7000m),C2(26/04,7500m),C3(17/05,7900m),C4(18/05,8300m),Smt(30/05)",2003
"BC(10/04,5100m),ABC(15/04,6780m),C1(17/04,7000m),C2(27/04,7500m),C3(21/05,7900m),C4(21/05,8300m),Smt(26,29/05)",2003
"BC(10/04,5000m),ABC(14/04,6300m),C1(19/04,7000m),C2(19/05,7800m),C3(20/05,8300m),Smt(21-22/05)",2003
"BC(13/04,5200m),ABC(18/04,6400m),C1(25/04,7000m),C2(30/04,7700m),C3(23/05,8300m),Smt(24-25/05)",2004
"BC(17/04,5200m),ABC(21/04,6500m),C1(22/04,7050m),C2(23/04,7900m),C3(16/05,8300m),Smt(22,24-25/05)",2004
